{"cameraMode":{"drawMode":0,"name":"Shaded","section":"Shading Mode"},"sceneLighting":false,"audioPlay":false,"sceneViewState":{"showFog":true,"showMaterialUpdate":true,"showSkybox":false,"showFlares":true,"showImageEffects":true,"showParticleSystems":true},"in2DMode":false,"pivot":{"x":-0.13000011444091798,"y":0.6100000143051148,"z":-76.79000091552735},"rotation":{"x":0.0046008010394871239,"y":-0.9888042211532593,"z":0.14585387706756593,"w":0.031173156574368478},"size":14.10387134552002,"orthographic":false}