{"cameraMode":{"drawMode":0,"name":"Shaded","section":"Shading Mode"},"sceneLighting":true,"audioPlay":false,"sceneViewState":{"showFog":true,"showMaterialUpdate":true,"showSkybox":true,"showFlares":true,"showImageEffects":true,"showParticleSystems":true},"in2DMode":false,"pivot":{"x":15.532032012939454,"y":23.05540657043457,"z":-552.177001953125},"rotation":{"x":0.007917936891317368,"y":-0.9901003241539002,"z":0.12543050944805146,"w":0.062495678663253787},"size":2.1763880252838136,"orthographic":false}