{"cameraMode":{"drawMode":0,"name":"Shaded","section":"Shading Mode"},"sceneLighting":false,"audioPlay":false,"sceneViewState":{"showFog":true,"showMaterialUpdate":true,"showSkybox":false,"showFlares":true,"showImageEffects":true,"showParticleSystems":true},"in2DMode":false,"pivot":{"x":-0.32100000977516177,"y":2.8299999237060549,"z":11.222999572753907},"rotation":{"x":0.0008703580824658275,"y":-0.997693657875061,"z":0.06662110239267349,"w":0.012973231263458729},"size":2.020829200744629,"orthographic":false}