{"cameraMode":{"drawMode":0,"name":"Shaded","section":"Shading Mode"},"sceneLighting":false,"audioPlay":false,"sceneViewState":{"showFog":true,"showMaterialUpdate":true,"showSkybox":false,"showFlares":true,"showImageEffects":true,"showParticleSystems":true},"in2DMode":false,"pivot":{"x":-0.4917539358139038,"y":1.2115333080291749,"z":36.101261138916019},"rotation":{"x":-0.011928276158869267,"y":-0.9877141118049622,"z":0.12272869795560837,"w":-0.09600134193897248},"size":2.176419258117676,"orthographic":false}