{"cameraMode":{"drawMode":0,"name":"Shaded","section":"Shading Mode"},"sceneLighting":true,"audioPlay":false,"sceneViewState":{"showFog":true,"showMaterialUpdate":false,"showSkybox":true,"showFlares":true,"showImageEffects":true,"showParticleSystems":true},"in2DMode":false,"pivot":{"x":-206.35000610351563,"y":124.15507507324219,"z":-94.34272003173828},"rotation":{"x":0.0003951266116928309,"y":0.9889596700668335,"z":-0.14856885373592378,"w":0.00324378558434546},"size":4.557818412780762,"orthographic":false}